Year,Round,Pick,Player,Team,Reg_Win,Reg_Loss,Reg_Tie,Reg_Games,Playoff_Seed,Playoff_Win,Playoff_Loss,Playoff_Games,Total_Win,Total_Loss,Total_Tie,Total_Games,Full_Ssn_Proj_Wins,Wins_Over_Ssn_Proj,Current_Proj_Wins,Wins_Over_Current_Proj,Reg_Win%,Playoff_Win%,Total_Win%,Tm_Yr,Tm_Yr_Win,Tm_Win
2024,1,1,Dan,Chiefs,12.0,1.0,0.0,13.0,,,,,12.0,1.0,0.0,13.0,10.5,1.5,8.029411764705882,3.9705882352941178,0.9230769230769231,,0.9230769230769231,Chiefs 2024,Chiefs 2024 (12),Chiefs (12)
2024,1,2,Mike,Ravens,8.0,5.0,0.0,13.0,,,,,8.0,5.0,0.0,13.0,11.0,-3.0,8.411764705882353,-0.41176470588235325,0.6153846153846154,,0.6153846153846154,Ravens 2024,Ravens 2024 (8),Ravens (8)
2024,1,3,Cameron,Eagles,11.0,2.0,0.0,13.0,,,,,11.0,2.0,0.0,13.0,12.4,-1.4000000000000004,9.482352941176472,1.5176470588235276,0.8461538461538461,,0.8461538461538461,Eagles 2024,Eagles 2024 (11),Eagles (11)
2024,1,4,JP,Lions,12.0,1.0,0.0,13.0,,,,,12.0,1.0,0.0,13.0,15.0,-3.0,11.470588235294118,0.5294117647058822,0.9230769230769231,,0.9230769230769231,Lions 2024,Lions 2024 (12),Lions (12)
2024,1,5,Jordan,49ers,6.0,7.0,0.0,13.0,,,,,6.0,7.0,0.0,13.0,8.5,-2.5,6.5,-0.5,0.46153846153846156,,0.46153846153846156,49ers 2024,49ers 2024 (6),49ers (6)
2024,1,6,Alex,Cowboys,5.0,7.0,0.0,12.0,,,,,5.0,7.0,0.0,12.0,4.8,0.20000000000000018,3.388235294117647,1.611764705882353,0.4166666666666667,,0.4166666666666667,Cowboys 2024,Cowboys 2024 (5),Cowboys (5)
2024,1,7,Brandon,Bills,10.0,3.0,0.0,13.0,,,,,10.0,3.0,0.0,13.0,13.3,-3.3000000000000007,10.170588235294117,-0.17058823529411704,0.7692307692307693,,0.7692307692307693,Bills 2024,Bills 2024 (10),Bills (10)
2024,1,8,Victoria,Bengals,4.0,8.0,0.0,12.0,,,,,4.0,8.0,0.0,12.0,8.4,-4.4,5.929411764705883,-1.9294117647058826,0.3333333333333333,,0.3333333333333333,Bengals 2024,Bengals 2024 (4),Bengals (4)
2024,2,9,Victoria,Packers,9.0,4.0,0.0,13.0,,,,,9.0,4.0,0.0,13.0,11.2,-2.1999999999999993,8.564705882352941,0.43529411764705905,0.6923076923076923,,0.6923076923076923,Packers 2024,Packers 2024 (9),Packers (9)
2024,2,10,Brandon,Texans,8.0,5.0,0.0,13.0,,,,,8.0,5.0,0.0,13.0,9.2,-1.1999999999999993,7.035294117647059,0.9647058823529413,0.6153846153846154,,0.6153846153846154,Texans 2024,Texans 2024 (8),Texans (8)
2024,2,11,Alex,Jets,3.0,10.0,0.0,13.0,,,,,3.0,10.0,0.0,13.0,6.6,-3.5999999999999996,5.047058823529412,-2.0470588235294116,0.23076923076923078,,0.23076923076923078,Jets 2024,Jets 2024 (3),Jets (3)
2024,2,12,Jordan,Dolphins,6.0,7.0,0.0,13.0,,,,,6.0,7.0,0.0,13.0,7.4,-1.4000000000000004,5.658823529411765,0.34117647058823497,0.46153846153846156,,0.46153846153846156,Dolphins 2024,Dolphins 2024 (6),Dolphins (6)
2024,2,13,JP,Jaguars,3.0,10.0,0.0,13.0,,,,,3.0,10.0,0.0,13.0,4.5,-1.5,3.4411764705882355,-0.4411764705882355,0.23076923076923078,,0.23076923076923078,Jaguars 2024,Jaguars 2024 (3),Jaguars (3)
2024,2,14,Cameron,Browns,3.0,10.0,0.0,13.0,,,,,3.0,10.0,0.0,13.0,4.6,-1.5999999999999996,3.5176470588235293,-0.5176470588235293,0.23076923076923078,,0.23076923076923078,Browns 2024,Browns 2024 (3),Browns (3)
2024,2,15,Mike,Seahawks,8.0,5.0,0.0,13.0,,,,,8.0,5.0,0.0,13.0,9.1,-1.0999999999999996,6.958823529411765,1.0411764705882351,0.6153846153846154,,0.6153846153846154,Seahawks 2024,Seahawks 2024 (8),Seahawks (8)
2024,2,16,Dan,Falcons,6.0,7.0,0.0,13.0,,,,,6.0,7.0,0.0,13.0,6.4,-0.40000000000000036,4.894117647058824,1.105882352941176,0.46153846153846156,,0.46153846153846156,Falcons 2024,Falcons 2024 (6),Falcons (6)
2024,3,17,Dan,Rams,7.0,6.0,0.0,13.0,,,,,7.0,6.0,0.0,13.0,7.2,-0.20000000000000018,5.5058823529411764,1.4941176470588236,0.5384615384615384,,0.5384615384615384,Rams 2024,Rams 2024 (7),Rams (7)
2024,3,18,Mike,Bears,4.0,9.0,0.0,13.0,,,,,4.0,9.0,0.0,13.0,7.5,-3.5,5.735294117647059,-1.7352941176470589,0.3076923076923077,,0.3076923076923077,Bears 2024,Bears 2024 (4),Bears (4)
2024,3,19,Cameron,Cardinals,6.0,7.0,0.0,13.0,,,,,6.0,7.0,0.0,13.0,8.2,-2.1999999999999993,6.270588235294117,-0.2705882352941167,0.46153846153846156,,0.46153846153846156,Cardinals 2024,Cardinals 2024 (6),Cardinals (6)
2024,3,20,JP,Chargers,8.0,5.0,0.0,13.0,,,,,8.0,5.0,0.0,13.0,10.9,-2.9000000000000004,8.33529411764706,-0.3352941176470594,0.6153846153846154,,0.6153846153846154,Chargers 2024,Chargers 2024 (8),Chargers (8)
2024,3,21,Jordan,Steelers,10.0,3.0,0.0,13.0,,,,,10.0,3.0,0.0,13.0,11.6,-1.5999999999999996,8.870588235294118,1.129411764705882,0.7692307692307693,,0.7692307692307693,Steelers 2024,Steelers 2024 (10),Steelers (10)
2024,3,22,Alex,Colts,6.0,7.0,0.0,13.0,,,,,6.0,7.0,0.0,13.0,7.3,-1.2999999999999998,5.58235294117647,0.4176470588235297,0.46153846153846156,,0.46153846153846156,Colts 2024,Colts 2024 (6),Colts (6)
2024,3,23,Brandon,Saints,5.0,8.0,0.0,13.0,,,,,5.0,8.0,0.0,13.0,8.4,-3.4000000000000004,6.423529411764706,-1.4235294117647062,0.38461538461538464,,0.38461538461538464,Saints 2024,Saints 2024 (5),Saints (5)
2024,3,24,Victoria,Vikings,11.0,2.0,0.0,13.0,,,,,11.0,2.0,0.0,13.0,12.1,-1.0999999999999996,9.25294117647059,1.7470588235294109,0.8461538461538461,,0.8461538461538461,Vikings 2024,Vikings 2024 (11),Vikings (11)
2024,4,25,Victoria,Panthers,3.0,10.0,0.0,13.0,,,,,3.0,10.0,0.0,13.0,2.7,0.2999999999999998,2.0647058823529414,0.9352941176470586,0.23076923076923078,,0.23076923076923078,Panthers 2024,Panthers 2024 (3),Panthers (3)
2024,4,26,Brandon,Buccaneers,7.0,6.0,0.0,13.0,,,,,7.0,6.0,0.0,13.0,10.5,-3.5,8.029411764705882,-1.0294117647058822,0.5384615384615384,,0.5384615384615384,Buccaneers 2024,Buccaneers 2024 (7),Buccaneers (7)
2024,4,27,Alex,Commanders,8.0,5.0,0.0,13.0,,,,,8.0,5.0,0.0,13.0,11.5,-3.5,8.794117647058824,-0.7941176470588243,0.6153846153846154,,0.6153846153846154,Commanders 2024,Commanders 2024 (8),Commanders (8)
2024,4,28,Jordan,Titans,3.0,10.0,0.0,13.0,,,,,3.0,10.0,0.0,13.0,4.2,-1.2000000000000002,3.211764705882353,-0.21176470588235308,0.23076923076923078,,0.23076923076923078,Titans 2024,Titans 2024 (3),Titans (3)
2024,4,29,JP,Broncos,8.0,5.0,0.0,13.0,,,,,8.0,5.0,0.0,13.0,11.0,-3.0,8.411764705882353,-0.41176470588235325,0.6153846153846154,,0.6153846153846154,Broncos 2024,Broncos 2024 (8),Broncos (8)
2024,4,30,Cameron,Raiders,2.0,11.0,0.0,13.0,,,,,2.0,11.0,0.0,13.0,3.7,-1.7000000000000002,2.8294117647058825,-0.8294117647058825,0.15384615384615385,,0.15384615384615385,Raiders 2024,Raiders 2024 (2),Raiders (2)
2024,4,31,Mike,Patriots,3.0,10.0,0.0,13.0,,,,,3.0,10.0,0.0,13.0,5.2,-2.2,3.976470588235294,-0.9764705882352942,0.23076923076923078,,0.23076923076923078,Patriots 2024,Patriots 2024 (3),Patriots (3)
2024,4,32,Dan,Giants,2.0,11.0,0.0,13.0,,,,,2.0,11.0,0.0,13.0,4.7,-2.7,3.5941176470588236,-1.5941176470588236,0.15384615384615385,,0.15384615384615385,Giants 2024,Giants 2024 (2),Giants (2)
2023,1,1,Victoria,Chiefs,11.0,6.0,0.0,17.0,3.0,2.0,0.0,2.0,13.0,6.0,0.0,19.0,10.9,2.0999999999999996,12.182352941176472,0.8176470588235283,0.6470588235294118,1.0,0.6842105263157895,Chiefs 2023,Chiefs 2023 (13),Chiefs (13)
2023,1,2,Mike,Patriots,4.0,13.0,0.0,17.0,,,,,4.0,13.0,0.0,17.0,4.6,-0.5999999999999996,4.6,-0.5999999999999996,0.23529411764705882,,0.23529411764705882,Patriots 2023,Patriots 2023 (4),Patriots (4)
2023,1,3,JP,Jaguars,9.0,8.0,0.0,17.0,,,,,9.0,8.0,0.0,17.0,8.6,0.40000000000000036,8.6,0.40000000000000036,0.5294117647058824,,0.5294117647058824,Jaguars 2023,Jaguars 2023 (9),Jaguars (9)
2023,1,4,Jordan,Bengals,9.0,8.0,0.0,17.0,,,,,9.0,8.0,0.0,17.0,7.9,1.0999999999999996,7.9,1.0999999999999996,0.5294117647058824,,0.5294117647058824,Bengals 2023,Bengals 2023 (9),Bengals (9)
2023,1,5,Alex,Eagles,11.0,6.0,0.0,17.0,5.0,0.0,1.0,1.0,11.0,7.0,0.0,18.0,8.0,3.0,8.470588235294118,2.5294117647058822,0.6470588235294118,0.0,0.6111111111111112,Eagles 2023,Eagles 2023 (11),Eagles (11)
2023,1,6,Jackson,49ers,12.0,5.0,0.0,17.0,1.0,1.0,0.0,1.0,13.0,5.0,0.0,18.0,13.7,-0.6999999999999993,14.505882352941175,-1.5058823529411747,0.7058823529411765,1.0,0.7222222222222222,49ers 2023,49ers 2023 (13),49ers (13)
2023,1,7,Brandon,Bills,11.0,6.0,0.0,17.0,2.0,1.0,1.0,2.0,12.0,7.0,0.0,19.0,12.3,-0.3000000000000007,13.747058823529414,-1.7470588235294144,0.6470588235294118,0.5,0.631578947368421,Bills 2023,Bills 2023 (12),Bills (12)
2023,1,8,Dan,Cowboys,12.0,5.0,0.0,17.0,2.0,0.0,1.0,1.0,12.0,6.0,0.0,18.0,13.3,-1.3000000000000007,14.08235294117647,-2.0823529411764703,0.7058823529411765,0.0,0.6666666666666666,Cowboys 2023,Cowboys 2023 (12),Cowboys (12)
2023,2,9,Dan,Chargers,5.0,12.0,0.0,17.0,,,,,5.0,12.0,0.0,17.0,6.9,-1.9000000000000004,6.9,-1.9000000000000004,0.29411764705882354,,0.29411764705882354,Chargers 2023,Chargers 2023 (5),Chargers (5)
2023,2,10,Brandon,Ravens,13.0,4.0,0.0,17.0,1.0,1.0,0.0,1.0,14.0,4.0,0.0,18.0,14.5,-0.5,15.352941176470587,-1.352941176470587,0.7647058823529411,1.0,0.7777777777777778,Ravens 2023,Ravens 2023 (14),Ravens (14)
2023,2,11,Jackson,Dolphins,11.0,6.0,0.0,17.0,6.0,0.0,1.0,1.0,11.0,7.0,0.0,18.0,10.8,0.1999999999999993,11.43529411764706,-0.43529411764706083,0.6470588235294118,0.0,0.6111111111111112,Dolphins 2023,Dolphins 2023 (11),Dolphins (11)
2023,2,12,Alex,Jets,7.0,10.0,0.0,17.0,,,,,7.0,10.0,0.0,17.0,5.9,1.0999999999999996,5.9,1.0999999999999996,0.4117647058823529,,0.4117647058823529,Jets 2023,Jets 2023 (7),Jets (7)
2023,2,13,Jordan,Saints,9.0,8.0,0.0,17.0,,,,,9.0,8.0,0.0,17.0,10.5,-1.5,10.5,-1.5,0.5294117647058824,,0.5294117647058824,Saints 2023,Saints 2023 (9),Saints (9)
2023,2,14,JP,Falcons,7.0,10.0,0.0,17.0,,,,,7.0,10.0,0.0,17.0,6.9,0.09999999999999964,6.9,0.09999999999999964,0.4117647058823529,,0.4117647058823529,Falcons 2023,Falcons 2023 (7),Falcons (7)
2023,2,15,Mike,Titans,6.0,11.0,0.0,17.0,,,,,6.0,11.0,0.0,17.0,6.6,-0.5999999999999996,6.6,-0.5999999999999996,0.35294117647058826,,0.35294117647058826,Titans 2023,Titans 2023 (6),Titans (6)
2023,2,16,Victoria,Lions,12.0,5.0,0.0,17.0,3.0,2.0,0.0,2.0,14.0,5.0,0.0,19.0,10.4,3.5999999999999996,11.623529411764707,2.376470588235293,0.7058823529411765,1.0,0.7368421052631579,Lions 2023,Lions 2023 (14),Lions (14)
2023,3,17,Victoria,Browns,11.0,6.0,0.0,17.0,5.0,0.0,1.0,1.0,11.0,7.0,0.0,18.0,8.5,2.5,9.0,2.0,0.6470588235294118,0.0,0.6111111111111112,Browns 2023,Browns 2023 (11),Browns (11)
2023,3,18,Mike,Steelers,10.0,7.0,0.0,17.0,7.0,0.0,1.0,1.0,10.0,8.0,0.0,18.0,7.4,2.5999999999999996,7.835294117647059,2.1647058823529406,0.5882352941176471,0.0,0.5555555555555556,Steelers 2023,Steelers 2023 (10),Steelers (10)
2023,3,19,JP,Packers,9.0,8.0,0.0,17.0,7.0,1.0,1.0,2.0,10.0,9.0,0.0,19.0,9.6,0.40000000000000036,10.729411764705882,-0.7294117647058815,0.5294117647058824,0.5,0.5263157894736842,Packers 2023,Packers 2023 (10),Packers (10)
2023,3,20,Jordan,Broncos,8.0,9.0,0.0,17.0,,,,,8.0,9.0,0.0,17.0,6.9,1.0999999999999996,6.9,1.0999999999999996,0.47058823529411764,,0.47058823529411764,Broncos 2023,Broncos 2023 (8),Broncos (8)
2023,3,21,Alex,Seahawks,9.0,8.0,0.0,17.0,,,,,9.0,8.0,0.0,17.0,7.4,1.5999999999999996,7.4,1.5999999999999996,0.5294117647058824,,0.5294117647058824,Seahawks 2023,Seahawks 2023 (9),Seahawks (9)
2023,3,22,Jackson,Vikings,7.0,10.0,0.0,17.0,,,,,7.0,10.0,0.0,17.0,7.9,-0.9000000000000004,7.9,-0.9000000000000004,0.4117647058823529,,0.4117647058823529,Vikings 2023,Vikings 2023 (7),Vikings (7)
2023,3,23,Brandon,Giants,6.0,11.0,0.0,17.0,,,,,6.0,11.0,0.0,17.0,4.4,1.5999999999999996,4.4,1.5999999999999996,0.35294117647058826,,0.35294117647058826,Giants 2023,Giants 2023 (6),Giants (6)
2023,3,24,Dan,Bears,7.0,10.0,0.0,17.0,,,,,7.0,10.0,0.0,17.0,7.9,-0.9000000000000004,7.9,-0.9000000000000004,0.4117647058823529,,0.4117647058823529,Bears 2023,Bears 2023 (7),Bears (7)
2023,4,25,Dan,Commanders,4.0,13.0,0.0,17.0,,,,,4.0,13.0,0.0,17.0,3.2,0.7999999999999998,3.2,0.7999999999999998,0.23529411764705882,,0.23529411764705882,Commanders 2023,Commanders 2023 (4),Commanders (4)
2023,4,26,Brandon,Raiders,8.0,9.0,0.0,17.0,,,,,8.0,9.0,0.0,17.0,8.4,-0.40000000000000036,8.4,-0.40000000000000036,0.47058823529411764,,0.47058823529411764,Raiders 2023,Raiders 2023 (8),Raiders (8)
2023,4,27,Jackson,Panthers,2.0,15.0,0.0,17.0,,,,,2.0,15.0,0.0,17.0,3.2,-1.2000000000000002,3.2,-1.2000000000000002,0.11764705882352941,,0.11764705882352941,Panthers 2023,Panthers 2023 (2),Panthers (2)
2023,4,28,Alex,Rams,10.0,7.0,0.0,17.0,6.0,0.0,1.0,1.0,10.0,8.0,0.0,18.0,9.1,0.9000000000000004,9.635294117647058,0.36470588235294166,0.5882352941176471,0.0,0.5555555555555556,Rams 2023,Rams 2023 (10),Rams (10)
2023,4,29,Jordan,Texans,10.0,7.0,0.0,17.0,4.0,1.0,1.0,2.0,11.0,8.0,0.0,19.0,9.2,1.8000000000000007,10.28235294117647,0.7176470588235304,0.5882352941176471,0.5,0.5789473684210527,Texans 2023,Texans 2023 (11),Texans (11)
2023,4,30,JP,Buccaneers,9.0,8.0,0.0,17.0,4.0,1.0,1.0,2.0,10.0,9.0,0.0,19.0,9.3,0.6999999999999993,10.394117647058824,-0.3941176470588239,0.5294117647058824,0.5,0.5263157894736842,Buccaneers 2023,Buccaneers 2023 (10),Buccaneers (10)
2023,4,31,Mike,Colts,9.0,8.0,0.0,17.0,,,,,9.0,8.0,0.0,17.0,7.9,1.0999999999999996,7.9,1.0999999999999996,0.5294117647058824,,0.5294117647058824,Colts 2023,Colts 2023 (9),Colts (9)
2023,4,32,Victoria,Cardinals,4.0,13.0,0.0,17.0,,,,,4.0,13.0,0.0,17.0,4.9,-0.9000000000000004,4.9,-0.9000000000000004,0.23529411764705882,,0.23529411764705882,Cardinals 2023,Cardinals 2023 (4),Cardinals (4)
2021,1,1,Dan,Buccaneers,13.0,4.0,0.0,17.0,2.0,1.0,1.0,2.0,14.0,5.0,0.0,19.0,12.8,1.1999999999999993,,,0.7647058823529411,0.5,0.7368421052631579,Buccaneers 2021,Buccaneers 2021 (14),Buccaneers (14)
2021,1,2,Brandon,Chiefs,12.0,5.0,0.0,17.0,2.0,2.0,1.0,3.0,14.0,6.0,0.0,20.0,11.9,2.0999999999999996,,,0.7058823529411765,0.6666666666666666,0.7,Chiefs 2021,Chiefs 2021 (14),Chiefs (14)
2021,1,3,JP,Bills,11.0,6.0,0.0,17.0,3.0,1.0,1.0,2.0,12.0,7.0,0.0,19.0,14.0,-2.0,,,0.6470588235294118,0.5,0.631578947368421,Bills 2021,Bills 2021 (12),Bills (12)
2021,1,4,Jordan,Rams,12.0,5.0,0.0,17.0,4.0,4.0,0.0,4.0,16.0,5.0,0.0,21.0,11.2,4.800000000000001,,,0.7058823529411765,1.0,0.7619047619047619,Rams 2021,Rams 2021 (16),Rams (16)
2021,1,5,Mike,Patriots,10.0,7.0,0.0,17.0,6.0,0.0,1.0,1.0,10.0,8.0,0.0,18.0,11.9,-1.9000000000000004,,,0.5882352941176471,0.0,0.5555555555555556,Patriots 2021,Patriots 2021 (10),Patriots (10)
2021,1,6,Jackson,Packers,13.0,4.0,0.0,17.0,1.0,0.0,1.0,1.0,13.0,5.0,0.0,18.0,10.5,2.5,,,0.7647058823529411,0.0,0.7222222222222222,Packers 2021,Packers 2021 (13),Packers (13)
2021,1,7,Alex,Browns,8.0,9.0,0.0,17.0,,,,,8.0,9.0,0.0,17.0,7.8,0.20000000000000018,,,0.47058823529411764,,0.47058823529411764,Browns 2021,Browns 2021 (8),Browns (8)
2021,2,8,Alex,Ravens,8.0,9.0,0.0,17.0,,,,,8.0,9.0,0.0,17.0,8.3,-0.3000000000000007,,,0.47058823529411764,,0.47058823529411764,Ravens 2021,Ravens 2021 (8),Ravens (8)
2021,2,9,Jackson,49ers,10.0,7.0,0.0,17.0,6.0,2.0,1.0,3.0,12.0,8.0,0.0,20.0,10.1,1.9000000000000004,,,0.5882352941176471,0.6666666666666666,0.6,49ers 2021,49ers 2021 (12),49ers (12)
2021,2,10,Mike,Titans,12.0,5.0,0.0,17.0,1.0,0.0,1.0,1.0,12.0,6.0,0.0,18.0,10.1,1.9000000000000004,,,0.7058823529411765,0.0,0.6666666666666666,Titans 2021,Titans 2021 (12),Titans (12)
2021,2,11,Jordan,Seahawks,7.0,10.0,0.0,17.0,,,,,7.0,10.0,0.0,17.0,9.3,-2.3000000000000007,,,0.4117647058823529,,0.4117647058823529,Seahawks 2021,Seahawks 2021 (7),Seahawks (7)
2021,2,12,JP,Chargers,9.0,8.0,0.0,17.0,,,,,9.0,8.0,0.0,17.0,9.0,0.0,,,0.5294117647058824,,0.5294117647058824,Chargers 2021,Chargers 2021 (9),Chargers (9)
2021,2,13,Brandon,Colts,9.0,8.0,0.0,17.0,,,,,9.0,8.0,0.0,17.0,10.9,-1.9000000000000004,,,0.5294117647058824,,0.5294117647058824,Colts 2021,Colts 2021 (9),Colts (9)
2021,2,14,Dan,Cowboys,12.0,5.0,0.0,17.0,3.0,0.0,1.0,1.0,12.0,6.0,0.0,18.0,13.0,-1.0,,,0.7058823529411765,0.0,0.6666666666666666,Cowboys 2021,Cowboys 2021 (12),Cowboys (12)
2021,3,15,Dan,Saints,9.0,8.0,0.0,17.0,,,,,9.0,8.0,0.0,17.0,9.2,-0.1999999999999993,,,0.5294117647058824,,0.5294117647058824,Saints 2021,Saints 2021 (9),Saints (9)
2021,3,16,Brandon,Falcons,7.0,10.0,0.0,17.0,,,,,7.0,10.0,0.0,17.0,4.3,2.7,,,0.4117647058823529,,0.4117647058823529,Falcons 2021,Falcons 2021 (7),Falcons (7)
2021,3,17,JP,Dolphins,9.0,8.0,0.0,17.0,,,,,9.0,8.0,0.0,17.0,7.5,1.5,,,0.5294117647058824,,0.5294117647058824,Dolphins 2021,Dolphins 2021 (9),Dolphins (9)
2021,3,18,Jordan,Vikings,8.0,9.0,0.0,17.0,,,,,8.0,9.0,0.0,17.0,8.5,-0.5,,,0.47058823529411764,,0.47058823529411764,Vikings 2021,Vikings 2021 (8),Vikings (8)
2021,3,19,Mike,Commanders,7.0,10.0,0.0,17.0,,,,,7.0,10.0,0.0,17.0,5.6,1.4000000000000004,,,0.4117647058823529,,0.4117647058823529,Commanders 2021,Commanders 2021 (7),Commanders (7)
2021,3,20,Jackson,Broncos,7.0,10.0,0.0,17.0,,,,,7.0,10.0,0.0,17.0,8.7,-1.6999999999999993,,,0.4117647058823529,,0.4117647058823529,Broncos 2021,Broncos 2021 (7),Broncos (7)
2021,3,21,Alex,Steelers,9.0,7.0,1.0,17.0,7.0,0.0,1.0,1.0,9.0,8.0,1.0,18.0,6.4,2.5999999999999996,,,0.5294117647058824,0.0,0.5,Steelers 2021,Steelers 2021 (9),Steelers (9)
2021,4,22,Alex,Cardinals,11.0,6.0,0.0,17.0,5.0,0.0,1.0,1.0,11.0,7.0,0.0,18.0,10.1,0.9000000000000004,,,0.6470588235294118,0.0,0.6111111111111112,Cardinals 2021,Cardinals 2021 (11),Cardinals (11)
2021,4,23,Jackson,Bears,6.0,11.0,0.0,17.0,,,,,6.0,11.0,0.0,17.0,5.7,0.2999999999999998,,,0.35294117647058826,,0.35294117647058826,Bears 2021,Bears 2021 (6),Bears (6)
2021,4,24,Mike,Giants,4.0,13.0,0.0,17.0,,,,,4.0,13.0,0.0,17.0,3.9,0.10000000000000009,,,0.23529411764705882,,0.23529411764705882,Giants 2021,Giants 2021 (4),Giants (4)
2021,4,25,Jordan,Panthers,5.0,12.0,0.0,17.0,,,,,5.0,12.0,0.0,17.0,5.6,-0.5999999999999996,,,0.29411764705882354,,0.29411764705882354,Panthers 2021,Panthers 2021 (5),Panthers (5)
2021,4,26,JP,Jets,4.0,13.0,0.0,17.0,,,,,4.0,13.0,0.0,17.0,3.0,1.0,,,0.23529411764705882,,0.23529411764705882,Jets 2021,Jets 2021 (4),Jets (4)
2021,4,27,Brandon,Eagles,9.0,8.0,0.0,17.0,7.0,0.0,1.0,1.0,9.0,9.0,0.0,18.0,9.6,-0.5999999999999996,,,0.5294117647058824,0.0,0.5,Eagles 2021,Eagles 2021 (9),Eagles (9)
2021,4,28,Dan,Raiders,10.0,7.0,0.0,17.0,5.0,0.0,1.0,1.0,10.0,8.0,0.0,18.0,6.5,3.5,,,0.5882352941176471,0.0,0.5555555555555556,Raiders 2021,Raiders 2021 (10),Raiders (10)
2021,99,29,Leftover,Jaguars,3.0,14.0,0.0,17.0,,,,,3.0,14.0,0.0,17.0,2.6,0.3999999999999999,,,0.17647058823529413,,0.17647058823529413,Jaguars 2021,Jaguars 2021 (3),Jaguars (3)
2021,99,30,Leftover,Bengals,10.0,7.0,0.0,17.0,4.0,3.0,1.0,4.0,13.0,8.0,0.0,21.0,10.6,2.4000000000000004,,,0.5882352941176471,0.75,0.6190476190476191,Bengals 2021,Bengals 2021 (13),Bengals (13)
2021,99,31,Leftover,Lions,3.0,13.0,1.0,17.0,,,,,3.0,13.0,1.0,17.0,4.4,-1.4000000000000004,,,0.17647058823529413,,0.17647058823529413,Lions 2021,Lions 2021 (3),Lions (3)
2021,99,32,Leftover,Texans,4.0,13.0,0.0,17.0,,,,,4.0,13.0,0.0,17.0,3.5,0.5,,,0.23529411764705882,,0.23529411764705882,Texans 2021,Texans 2021 (4),Texans (4)
2020,1,1,Mike,Patriots,7.0,9.0,0.0,16.0,,,,,7.0,9.0,0.0,16.0,7.1,-0.09999999999999964,,,0.4375,,0.4375,Patriots 2020,Patriots 2020 (7),Patriots (7)
2020,1,2,Alex,Chiefs,14.0,2.0,0.0,16.0,1.0,2.0,1.0,3.0,16.0,3.0,0.0,19.0,10.6,5.4,,,0.875,0.6666666666666666,0.8421052631578947,Chiefs 2020,Chiefs 2020 (16),Chiefs (16)
2020,1,3,Brandon,Ravens,11.0,5.0,0.0,16.0,5.0,1.0,1.0,2.0,12.0,6.0,0.0,18.0,11.9,0.09999999999999964,,,0.6875,0.5,0.6666666666666666,Ravens 2020,Ravens 2020 (12),Ravens (12)
2020,1,4,Dan,Cowboys,6.0,10.0,0.0,16.0,,,,,6.0,10.0,0.0,16.0,5.9,0.09999999999999964,,,0.375,,0.375,Cowboys 2020,Cowboys 2020 (6),Cowboys (6)
2020,1,5,JP,Buccaneers,11.0,5.0,0.0,16.0,5.0,4.0,0.0,4.0,15.0,5.0,0.0,20.0,12.2,2.8000000000000007,,,0.6875,1.0,0.75,Buccaneers 2020,Buccaneers 2020 (15),Buccaneers (15)
2020,1,6,Jackson,49ers,6.0,10.0,0.0,16.0,,,,,6.0,10.0,0.0,16.0,7.6,-1.5999999999999996,,,0.375,,0.375,49ers 2020,49ers 2020 (6),49ers (6)
2020,1,7,Jordan,Saints,12.0,4.0,0.0,16.0,2.0,1.0,1.0,2.0,13.0,5.0,0.0,18.0,11.7,1.3000000000000007,,,0.75,0.5,0.7222222222222222,Saints 2020,Saints 2020 (13),Saints (13)
2020,2,8,Jordan,Packers,13.0,3.0,0.0,16.0,1.0,1.0,1.0,2.0,14.0,4.0,0.0,18.0,11.8,2.1999999999999993,,,0.8125,0.5,0.7777777777777778,Packers 2020,Packers 2020 (14),Packers (14)
2020,2,9,Jackson,Bills,13.0,3.0,0.0,16.0,2.0,2.0,1.0,3.0,15.0,4.0,0.0,19.0,11.1,3.9000000000000004,,,0.8125,0.6666666666666666,0.7894736842105263,Bills 2020,Bills 2020 (15),Bills (15)
2020,2,10,JP,Steelers,12.0,4.0,0.0,16.0,3.0,0.0,1.0,1.0,12.0,5.0,0.0,17.0,10.5,1.5,,,0.75,0.0,0.7058823529411765,Steelers 2020,Steelers 2020 (12),Steelers (12)
2020,2,11,Dan,Eagles,4.0,11.0,1.0,16.0,,,,,4.0,11.0,1.0,16.0,5.6,-1.5999999999999996,,,0.25,,0.25,Eagles 2020,Eagles 2020 (4),Eagles (4)
2020,2,12,Brandon,Vikings,7.0,9.0,0.0,16.0,,,,,7.0,9.0,0.0,16.0,6.8,0.20000000000000018,,,0.4375,,0.4375,Vikings 2020,Vikings 2020 (7),Vikings (7)
2020,2,13,Alex,Seahawks,12.0,4.0,0.0,16.0,3.0,0.0,1.0,1.0,12.0,5.0,0.0,17.0,10.1,1.9000000000000004,,,0.75,0.0,0.7058823529411765,Seahawks 2020,Seahawks 2020 (12),Seahawks (12)
2020,2,14,Mike,Rams,10.0,6.0,0.0,16.0,6.0,1.0,1.0,2.0,11.0,7.0,0.0,18.0,9.7,1.3000000000000007,,,0.625,0.5,0.6111111111111112,Rams 2020,Rams 2020 (11),Rams (11)
2020,3,15,Mike,Titans,11.0,5.0,0.0,16.0,4.0,0.0,1.0,1.0,11.0,6.0,0.0,17.0,9.3,1.6999999999999993,,,0.6875,0.0,0.6470588235294118,Titans 2020,Titans 2020 (11),Titans (11)
2020,3,16,Alex,Colts,11.0,5.0,0.0,16.0,7.0,0.0,1.0,1.0,11.0,6.0,0.0,17.0,10.3,0.6999999999999993,,,0.6875,0.0,0.6470588235294118,Colts 2020,Colts 2020 (11),Colts (11)
2020,3,17,Brandon,Broncos,5.0,11.0,0.0,16.0,,,,,5.0,11.0,0.0,16.0,4.5,0.5,,,0.3125,,0.3125,Broncos 2020,Broncos 2020 (5),Broncos (5)
2020,3,18,Dan,Texans,4.0,12.0,0.0,16.0,,,,,4.0,12.0,0.0,16.0,5.8,-1.7999999999999998,,,0.25,,0.25,Texans 2020,Texans 2020 (4),Texans (4)
2020,3,19,JP,Falcons,4.0,12.0,0.0,16.0,,,,,4.0,12.0,0.0,16.0,7.5,-3.5,,,0.25,,0.25,Falcons 2020,Falcons 2020 (4),Falcons (4)
2020,3,20,Jackson,Browns,11.0,5.0,0.0,16.0,6.0,1.0,1.0,2.0,12.0,6.0,0.0,18.0,7.9,4.1,,,0.6875,0.5,0.6666666666666666,Browns 2020,Browns 2020 (12),Browns (12)
2020,3,21,Jordan,Bengals,4.0,11.0,1.0,16.0,,,,,4.0,11.0,1.0,16.0,4.8,-0.7999999999999998,,,0.25,,0.25,Bengals 2020,Bengals 2020 (4),Bengals (4)
2020,4,22,Jordan,Bears,8.0,8.0,0.0,16.0,7.0,0.0,1.0,1.0,8.0,9.0,0.0,17.0,7.7,0.2999999999999998,,,0.5,0.0,0.47058823529411764,Bears 2020,Bears 2020 (8),Bears (8)
2020,4,23,Jackson,Chargers,7.0,9.0,0.0,16.0,,,,,7.0,9.0,0.0,16.0,6.8,0.20000000000000018,,,0.4375,,0.4375,Chargers 2020,Chargers 2020 (7),Chargers (7)
2020,4,24,JP,Lions,5.0,11.0,0.0,16.0,,,,,5.0,11.0,0.0,16.0,4.1,0.9000000000000004,,,0.3125,,0.3125,Lions 2020,Lions 2020 (5),Lions (5)
2020,4,25,Dan,Cardinals,8.0,8.0,0.0,16.0,,,,,8.0,8.0,0.0,16.0,9.2,-1.1999999999999993,,,0.5,,0.5,Cardinals 2020,Cardinals 2020 (8),Cardinals (8)
2020,4,26,Brandon,Raiders,8.0,8.0,0.0,16.0,,,,,8.0,8.0,0.0,16.0,6.8,1.2000000000000002,,,0.5,,0.5,Raiders 2020,Raiders 2020 (8),Raiders (8)
2020,4,27,Alex,Giants,6.0,10.0,0.0,16.0,,,,,6.0,10.0,0.0,16.0,5.7,0.2999999999999998,,,0.375,,0.375,Giants 2020,Giants 2020 (6),Giants (6)
2020,4,28,Mike,Dolphins,10.0,6.0,0.0,16.0,,,,,10.0,6.0,0.0,16.0,9.8,0.1999999999999993,,,0.625,,0.625,Dolphins 2020,Dolphins 2020 (10),Dolphins (10)
2020,99,29,Leftover,Panthers,5.0,11.0,0.0,16.0,,,,,5.0,11.0,0.0,16.0,6.5,-1.5,,,0.3125,,0.3125,Panthers 2020,Panthers 2020 (5),Panthers (5)
2020,99,30,Leftover,Commanders,7.0,9.0,0.0,16.0,4.0,,,,7.0,9.0,0.0,16.0,8.1,-1.0999999999999996,,,0.4375,,0.4375,Commanders 2020,Commanders 2020 (7),Commanders (7)
2020,99,31,Leftover,Jets,2.0,14.0,0.0,16.0,,,,,2.0,14.0,0.0,16.0,2.0,0.0,,,0.125,,0.125,Jets 2020,Jets 2020 (2),Jets (2)
2020,99,32,Leftover,Jaguars,1.0,15.0,0.0,16.0,,,,,1.0,15.0,0.0,16.0,2.7,-1.7000000000000002,,,0.0625,,0.0625,Jaguars 2020,Jaguars 2020 (1),Jaguars (1)
2019,1,1,JP,Patriots,12.0,4.0,0.0,16.0,3.0,0.0,1.0,1.0,12.0,5.0,0.0,17.0,12.9,-0.9000000000000004,,,0.75,0.0,0.7058823529411765,Patriots 2019,Patriots 2019 (12),Patriots (12)
2019,1,2,Jackson,Rams,9.0,7.0,0.0,16.0,,,,,9.0,7.0,0.0,16.0,8.8,0.1999999999999993,,,0.5625,,0.5625,Rams 2019,Rams 2019 (9),Rams (9)
2019,1,3,Dan,Saints,13.0,3.0,0.0,16.0,3.0,0.0,1.0,1.0,13.0,4.0,0.0,17.0,11.0,2.0,,,0.8125,0.0,0.7647058823529411,Saints 2019,Saints 2019 (13),Saints (13)
2019,1,4,Jordan,Chiefs,12.0,4.0,0.0,16.0,2.0,3.0,0.0,3.0,15.0,4.0,0.0,19.0,12.4,2.5999999999999996,,,0.75,1.0,0.7894736842105263,Chiefs 2019,Chiefs 2019 (15),Chiefs (15)
2019,1,5,Alex,Eagles,9.0,7.0,0.0,16.0,4.0,0.0,1.0,1.0,9.0,8.0,0.0,17.0,8.6,0.40000000000000036,,,0.5625,0.0,0.5294117647058824,Eagles 2019,Eagles 2019 (9),Eagles (9)
2019,1,6,Mike,Chargers,5.0,11.0,0.0,16.0,,,,,5.0,11.0,0.0,16.0,7.7,-2.7,,,0.3125,,0.3125,Chargers 2019,Chargers 2019 (5),Chargers (5)
2019,1,7,Brandon,Vikings,10.0,6.0,0.0,16.0,6.0,1.0,1.0,2.0,11.0,7.0,0.0,18.0,10.3,0.6999999999999993,,,0.625,0.5,0.6111111111111112,Vikings 2019,Vikings 2019 (11),Vikings (11)
2019,2,8,Brandon,Steelers,8.0,8.0,0.0,16.0,,,,,8.0,8.0,0.0,16.0,7.4,0.5999999999999996,,,0.5,,0.5,Steelers 2019,Steelers 2019 (8),Steelers (8)
2019,2,9,Mike,Bears,8.0,8.0,0.0,16.0,,,,,8.0,8.0,0.0,16.0,7.3,0.7000000000000002,,,0.5,,0.5,Bears 2019,Bears 2019 (8),Bears (8)
2019,2,10,Alex,Browns,6.0,10.0,0.0,16.0,,,,,6.0,10.0,0.0,16.0,6.3,-0.2999999999999998,,,0.375,,0.375,Browns 2019,Browns 2019 (6),Browns (6)
2019,2,11,Jordan,Seahawks,11.0,5.0,0.0,16.0,5.0,1.0,1.0,2.0,12.0,6.0,0.0,18.0,8.2,3.8000000000000007,,,0.6875,0.5,0.6666666666666666,Seahawks 2019,Seahawks 2019 (12),Seahawks (12)
2019,2,12,Dan,Packers,13.0,3.0,0.0,16.0,2.0,1.0,1.0,2.0,14.0,4.0,0.0,18.0,9.2,4.800000000000001,,,0.8125,0.5,0.7777777777777778,Packers 2019,Packers 2019 (14),Packers (14)
2019,2,13,Jackson,Cowboys,8.0,8.0,0.0,16.0,,,,,8.0,8.0,0.0,16.0,11.2,-3.1999999999999993,,,0.5,,0.5,Cowboys 2019,Cowboys 2019 (8),Cowboys (8)
2019,2,14,JP,Falcons,7.0,9.0,0.0,16.0,,,,,7.0,9.0,0.0,16.0,7.5,-0.5,,,0.4375,,0.4375,Falcons 2019,Falcons 2019 (7),Falcons (7)
2019,3,15,JP,Texans,10.0,6.0,0.0,16.0,4.0,1.0,1.0,2.0,11.0,7.0,0.0,18.0,7.4,3.5999999999999996,,,0.625,0.5,0.6111111111111112,Texans 2019,Texans 2019 (11),Texans (11)
2019,3,16,Jackson,Ravens,14.0,2.0,0.0,16.0,1.0,0.0,1.0,1.0,14.0,3.0,0.0,17.0,14.2,-0.1999999999999993,,,0.875,0.0,0.8235294117647058,Ravens 2019,Ravens 2019 (14),Ravens (14)
2019,3,17,Dan,Panthers,5.0,11.0,0.0,16.0,,,,,5.0,11.0,0.0,16.0,4.3,0.7000000000000002,,,0.3125,,0.3125,Panthers 2019,Panthers 2019 (5),Panthers (5)
2019,3,18,Jordan,Titans,9.0,7.0,0.0,16.0,6.0,2.0,1.0,3.0,11.0,8.0,0.0,19.0,9.9,1.0999999999999996,,,0.5625,0.6666666666666666,0.5789473684210527,Titans 2019,Titans 2019 (11),Titans (11)
2019,3,19,Alex,49ers,13.0,3.0,0.0,16.0,1.0,2.0,1.0,3.0,15.0,4.0,0.0,19.0,12.6,2.4000000000000004,,,0.8125,0.6666666666666666,0.7894736842105263,49ers 2019,49ers 2019 (15),49ers (15)
2019,3,20,Mike,Bills,10.0,6.0,0.0,16.0,5.0,0.0,1.0,1.0,10.0,7.0,0.0,17.0,9.2,0.8000000000000007,,,0.625,0.0,0.5882352941176471,Bills 2019,Bills 2019 (10),Bills (10)
2019,3,21,Brandon,Jaguars,6.0,10.0,0.0,16.0,,,,,6.0,10.0,0.0,16.0,5.2,0.7999999999999998,,,0.375,,0.375,Jaguars 2019,Jaguars 2019 (6),Jaguars (6)
2019,4,22,Brandon,Jets,7.0,9.0,0.0,16.0,,,,,7.0,9.0,0.0,16.0,5.5,1.5,,,0.4375,,0.4375,Jets 2019,Jets 2019 (7),Jets (7)
2019,4,23,Mike,Broncos,7.0,9.0,0.0,16.0,,,,,7.0,9.0,0.0,16.0,6.9,0.09999999999999964,,,0.4375,,0.4375,Broncos 2019,Broncos 2019 (7),Broncos (7)
2019,4,24,Alex,Lions,3.0,12.0,1.0,16.0,,,,,3.0,12.0,1.0,16.0,5.7,-2.7,,,0.1875,,0.1875,Lions 2019,Lions 2019 (3),Lions (3)
2019,4,25,Jordan,Cardinals,5.0,10.0,1.0,16.0,,,,,5.0,10.0,1.0,16.0,5.7,-0.7000000000000002,,,0.3125,,0.3125,Cardinals 2019,Cardinals 2019 (5),Cardinals (5)
2019,4,26,Dan,Bengals,2.0,14.0,0.0,16.0,,,,,2.0,14.0,0.0,16.0,3.9,-1.9,,,0.125,,0.125,Bengals 2019,Bengals 2019 (2),Bengals (2)
2019,4,27,Jackson,Raiders,7.0,9.0,0.0,16.0,,,,,7.0,9.0,0.0,16.0,4.9,2.0999999999999996,,,0.4375,,0.4375,Raiders 2019,Raiders 2019 (7),Raiders (7)
2019,4,28,JP,Colts,7.0,9.0,0.0,16.0,,,,,7.0,9.0,0.0,16.0,7.6,-0.5999999999999996,,,0.4375,,0.4375,Colts 2019,Colts 2019 (7),Colts (7)
2019,99,29,Leftover,Giants,4.0,12.0,0.0,16.0,,,,,4.0,12.0,0.0,16.0,4.9,-0.9000000000000004,,,0.25,,0.25,Giants 2019,Giants 2019 (4),Giants (4)
2019,99,30,Leftover,Buccaneers,7.0,9.0,0.0,16.0,,,,,7.0,9.0,0.0,16.0,8.3,-1.3000000000000007,,,0.4375,,0.4375,Buccaneers 2019,Buccaneers 2019 (7),Buccaneers (7)
2019,99,31,Leftover,Commanders,3.0,13.0,0.0,16.0,,,,,3.0,13.0,0.0,16.0,3.1,-0.10000000000000009,,,0.1875,,0.1875,Commanders 2019,Commanders 2019 (3),Commanders (3)
2019,99,32,Leftover,Dolphins,5.0,11.0,0.0,16.0,,,,,5.0,11.0,0.0,16.0,2.7,2.3,,,0.3125,,0.3125,Dolphins 2019,Dolphins 2019 (5),Dolphins (5)
2018,1,1,Jordan,Steelers,9.0,6.0,1.0,16.0,,,,,9.0,6.0,1.0,16.0,9.9,-0.9000000000000004,,,0.5625,,0.5625,Steelers 2018,Steelers 2018 (9),Steelers (9)
2018,1,2,Mike,Patriots,11.0,5.0,0.0,16.0,2.0,3.0,0.0,3.0,14.0,5.0,0.0,19.0,11.3,2.6999999999999993,,,0.6875,1.0,0.7368421052631579,Patriots 2018,Patriots 2018 (14),Patriots (14)
2018,1,3,Alex,Vikings,8.0,7.0,1.0,16.0,,,,,8.0,7.0,1.0,16.0,8.5,-0.5,,,0.5,,0.5,Vikings 2018,Vikings 2018 (8),Vikings (8)
2018,1,4,Brandon,Rams,13.0,3.0,0.0,16.0,2.0,2.0,1.0,3.0,15.0,4.0,0.0,19.0,11.5,3.5,,,0.8125,0.6666666666666666,0.7894736842105263,Rams 2018,Rams 2018 (15),Rams (15)
2018,1,5,JP,Packers,6.0,9.0,1.0,16.0,,,,,6.0,9.0,1.0,16.0,7.3,-1.2999999999999998,,,0.375,,0.375,Packers 2018,Packers 2018 (6),Packers (6)
2018,1,6,Dan,Eagles,9.0,7.0,0.0,16.0,6.0,1.0,1.0,2.0,10.0,8.0,0.0,18.0,8.3,1.6999999999999993,,,0.5625,0.5,0.5555555555555556,Eagles 2018,Eagles 2018 (10),Eagles (10)
2018,1,7,Jackson,Saints,13.0,3.0,0.0,16.0,1.0,1.0,1.0,2.0,14.0,4.0,0.0,18.0,11.9,2.0999999999999996,,,0.8125,0.5,0.7777777777777778,Saints 2018,Saints 2018 (14),Saints (14)
2018,2,8,Jackson,Jaguars,5.0,11.0,0.0,16.0,,,,,5.0,11.0,0.0,16.0,5.8,-0.7999999999999998,,,0.3125,,0.3125,Jaguars 2018,Jaguars 2018 (5),Jaguars (5)
2018,2,9,Dan,Texans,11.0,5.0,0.0,16.0,3.0,0.0,1.0,1.0,11.0,6.0,0.0,17.0,9.8,1.1999999999999993,,,0.6875,0.0,0.6470588235294118,Texans 2018,Texans 2018 (11),Texans (11)
2018,2,10,JP,Falcons,7.0,9.0,0.0,16.0,,,,,7.0,9.0,0.0,16.0,7.8,-0.7999999999999998,,,0.4375,,0.4375,Falcons 2018,Falcons 2018 (7),Falcons (7)
2018,2,11,Brandon,Panthers,7.0,9.0,0.0,16.0,,,,,7.0,9.0,0.0,16.0,7.8,-0.7999999999999998,,,0.4375,,0.4375,Panthers 2018,Panthers 2018 (7),Panthers (7)
2018,2,12,Alex,Chiefs,12.0,4.0,0.0,16.0,1.0,1.0,1.0,2.0,13.0,5.0,0.0,18.0,12.1,0.9000000000000004,,,0.75,0.5,0.7222222222222222,Chiefs 2018,Chiefs 2018 (13),Chiefs (13)
2018,2,13,Mike,Titans,9.0,7.0,0.0,16.0,,,,,9.0,7.0,0.0,16.0,8.0,1.0,,,0.5625,,0.5625,Titans 2018,Titans 2018 (9),Titans (9)
2018,2,14,Jordan,Seahawks,10.0,6.0,0.0,16.0,5.0,0.0,1.0,1.0,10.0,7.0,0.0,17.0,10.1,-0.09999999999999964,,,0.625,0.0,0.5882352941176471,Seahawks 2018,Seahawks 2018 (10),Seahawks (10)
2018,3,15,Jordan,Cowboys,10.0,6.0,0.0,16.0,4.0,1.0,1.0,2.0,11.0,7.0,0.0,18.0,8.1,2.9000000000000004,,,0.625,0.5,0.6111111111111112,Cowboys 2018,Cowboys 2018 (11),Cowboys (11)
2018,3,16,Mike,Chargers,12.0,4.0,0.0,16.0,5.0,1.0,1.0,2.0,13.0,5.0,0.0,18.0,10.3,2.6999999999999993,,,0.75,0.5,0.7222222222222222,Chargers 2018,Chargers 2018 (13),Chargers (13)
2018,3,17,Alex,49ers,4.0,12.0,0.0,16.0,,,,,4.0,12.0,0.0,16.0,5.4,-1.4000000000000004,,,0.25,,0.25,49ers 2018,49ers 2018 (4),49ers (4)
2018,3,18,Brandon,Ravens,10.0,6.0,0.0,16.0,4.0,0.0,1.0,1.0,10.0,7.0,0.0,17.0,10.5,-0.5,,,0.625,0.0,0.5882352941176471,Ravens 2018,Ravens 2018 (10),Ravens (10)
2018,3,19,JP,Commanders,7.0,9.0,0.0,16.0,,,,,7.0,9.0,0.0,16.0,5.7,1.2999999999999998,,,0.4375,,0.4375,Commanders 2018,Commanders 2018 (7),Commanders (7)
2018,3,20,Dan,Giants,5.0,11.0,0.0,16.0,,,,,5.0,11.0,0.0,16.0,6.8,-1.7999999999999998,,,0.3125,,0.3125,Giants 2018,Giants 2018 (5),Giants (5)
2018,3,21,Jackson,Raiders,4.0,12.0,0.0,16.0,,,,,4.0,12.0,0.0,16.0,3.0,1.0,,,0.25,,0.25,Raiders 2018,Raiders 2018 (4),Raiders (4)
2018,4,22,Jackson,Lions,6.0,10.0,0.0,16.0,,,,,6.0,10.0,0.0,16.0,6.9,-0.9000000000000004,,,0.375,,0.375,Lions 2018,Lions 2018 (6),Lions (6)
2018,4,23,Dan,Broncos,6.0,10.0,0.0,16.0,,,,,6.0,10.0,0.0,16.0,7.3,-1.2999999999999998,,,0.375,,0.375,Broncos 2018,Broncos 2018 (6),Broncos (6)
2018,4,24,JP,Bengals,6.0,10.0,0.0,16.0,,,,,6.0,10.0,0.0,16.0,5.6,0.40000000000000036,,,0.375,,0.375,Bengals 2018,Bengals 2018 (6),Bengals (6)
2018,4,25,Brandon,Colts,10.0,6.0,0.0,16.0,6.0,1.0,1.0,2.0,11.0,7.0,0.0,18.0,10.1,0.9000000000000004,,,0.625,0.5,0.6111111111111112,Colts 2018,Colts 2018 (11),Colts (11)
2018,4,26,Alex,Bears,12.0,4.0,0.0,16.0,3.0,0.0,1.0,1.0,12.0,5.0,0.0,17.0,11.6,0.40000000000000036,,,0.75,0.0,0.7058823529411765,Bears 2018,Bears 2018 (12),Bears (12)
2018,4,27,Mike,Bills,6.0,10.0,0.0,16.0,,,,,6.0,10.0,0.0,16.0,4.9,1.0999999999999996,,,0.375,,0.375,Bills 2018,Bills 2018 (6),Bills (6)
2018,4,28,Jordan,Jets,4.0,12.0,0.0,16.0,,,,,4.0,12.0,0.0,16.0,4.9,-0.9000000000000004,,,0.25,,0.25,Jets 2018,Jets 2018 (4),Jets (4)
2018,99,29,Leftover,Browns,7.0,8.0,1.0,16.0,,,,,7.0,8.0,1.0,16.0,7.0,0.0,,,0.4375,,0.4375,Browns 2018,Browns 2018 (7),Browns (7)
2018,99,30,Leftover,Cardinals,3.0,13.0,0.0,16.0,,,,,3.0,13.0,0.0,16.0,2.2,0.7999999999999998,,,0.1875,,0.1875,Cardinals 2018,Cardinals 2018 (3),Cardinals (3)
2018,99,31,Leftover,Dolphins,7.0,9.0,0.0,16.0,,,,,7.0,9.0,0.0,16.0,4.7,2.3,,,0.4375,,0.4375,Dolphins 2018,Dolphins 2018 (7),Dolphins (7)
2018,99,32,Leftover,Buccaneers,5.0,11.0,0.0,16.0,,,,,5.0,11.0,0.0,16.0,6.1,-1.0999999999999996,,,0.3125,,0.3125,Buccaneers 2018,Buccaneers 2018 (5),Buccaneers (5)
2017,1,1,Alex,Patriots,13.0,3.0,0.0,16.0,1.0,2.0,1.0,3.0,15.0,4.0,0.0,19.0,12.2,2.8000000000000007,,,0.8125,0.6666666666666666,0.7894736842105263,Patriots 2017,Patriots 2017 (15),Patriots (15)
2017,1,2,Mike,Seahawks,9.0,7.0,0.0,16.0,,,,,9.0,7.0,0.0,16.0,8.9,0.09999999999999964,,,0.5625,,0.5625,Seahawks 2017,Seahawks 2017 (9),Seahawks (9)
2017,1,3,Dan,Steelers,13.0,3.0,0.0,16.0,2.0,0.0,1.0,1.0,13.0,4.0,0.0,17.0,10.5,2.5,,,0.8125,0.0,0.7647058823529411,Steelers 2017,Steelers 2017 (13),Steelers (13)
2017,1,4,JP,Packers,7.0,9.0,0.0,16.0,,,,,7.0,9.0,0.0,16.0,6.1,0.9000000000000004,,,0.4375,,0.4375,Packers 2017,Packers 2017 (7),Packers (7)
2017,1,5,Jackson,Falcons,10.0,6.0,0.0,16.0,6.0,1.0,1.0,2.0,11.0,7.0,0.0,18.0,9.0,2.0,,,0.625,0.5,0.6111111111111112,Falcons 2017,Falcons 2017 (11),Falcons (11)
2017,1,6,Jordan,Raiders,6.0,10.0,0.0,16.0,,,,,6.0,10.0,0.0,16.0,5.9,0.09999999999999964,,,0.375,,0.375,Raiders 2017,Raiders 2017 (6),Raiders (6)
2017,1,7,Brandon,Cowboys,9.0,7.0,0.0,16.0,,,,,9.0,7.0,0.0,16.0,8.5,0.5,,,0.5625,,0.5625,Cowboys 2017,Cowboys 2017 (9),Cowboys (9)
2017,2,8,Brandon,Panthers,11.0,5.0,0.0,16.0,5.0,0.0,1.0,1.0,11.0,6.0,0.0,17.0,8.7,2.3000000000000007,,,0.6875,0.0,0.6470588235294118,Panthers 2017,Panthers 2017 (11),Panthers (11)
2017,2,9,Jordan,Texans,4.0,12.0,0.0,16.0,,,,,4.0,12.0,0.0,16.0,5.2,-1.2000000000000002,,,0.25,,0.25,Texans 2017,Texans 2017 (4),Texans (4)
2017,2,10,Jackson,Chiefs,10.0,6.0,0.0,16.0,4.0,0.0,1.0,1.0,10.0,7.0,0.0,17.0,10.0,0.0,,,0.625,0.0,0.5882352941176471,Chiefs 2017,Chiefs 2017 (10),Chiefs (10)
2017,2,11,JP,Buccaneers,5.0,11.0,0.0,16.0,,,,,5.0,11.0,0.0,16.0,6.6,-1.5999999999999996,,,0.3125,,0.3125,Buccaneers 2017,Buccaneers 2017 (5),Buccaneers (5)
2017,2,12,Dan,Cardinals,8.0,8.0,0.0,16.0,,,,,8.0,8.0,0.0,16.0,6.0,2.0,,,0.5,,0.5,Cardinals 2017,Cardinals 2017 (8),Cardinals (8)
2017,2,13,Mike,Ravens,9.0,7.0,0.0,16.0,,,,,9.0,7.0,0.0,16.0,10.5,-1.5,,,0.5625,,0.5625,Ravens 2017,Ravens 2017 (9),Ravens (9)
2017,2,14,Alex,Titans,9.0,7.0,0.0,16.0,5.0,1.0,1.0,2.0,10.0,8.0,0.0,18.0,6.9,3.0999999999999996,,,0.5625,0.5,0.5555555555555556,Titans 2017,Titans 2017 (10),Titans (10)
2017,3,15,Alex,Giants,3.0,13.0,0.0,16.0,,,,,3.0,13.0,0.0,16.0,3.9,-0.8999999999999999,,,0.1875,,0.1875,Giants 2017,Giants 2017 (3),Giants (3)
2017,3,16,Mike,Dolphins,6.0,10.0,0.0,16.0,,,,,6.0,10.0,0.0,16.0,4.7,1.2999999999999998,,,0.375,,0.375,Dolphins 2017,Dolphins 2017 (6),Dolphins (6)
2017,3,17,Dan,Saints,11.0,5.0,0.0,16.0,4.0,1.0,1.0,2.0,12.0,6.0,0.0,18.0,11.1,0.9000000000000004,,,0.6875,0.5,0.6666666666666666,Saints 2017,Saints 2017 (12),Saints (12)
2017,3,18,JP,Vikings,13.0,3.0,0.0,16.0,2.0,1.0,1.0,2.0,14.0,4.0,0.0,18.0,10.5,3.5,,,0.8125,0.5,0.7777777777777778,Vikings 2017,Vikings 2017 (14),Vikings (14)
2017,3,19,Jackson,Broncos,5.0,11.0,0.0,16.0,,,,,5.0,11.0,0.0,16.0,5.3,-0.2999999999999998,,,0.3125,,0.3125,Broncos 2017,Broncos 2017 (5),Broncos (5)
2017,3,20,Jordan,Bengals,7.0,9.0,0.0,16.0,,,,,7.0,9.0,0.0,16.0,6.2,0.7999999999999998,,,0.4375,,0.4375,Bengals 2017,Bengals 2017 (7),Bengals (7)
2017,3,21,Brandon,Chargers,9.0,7.0,0.0,16.0,,,,,9.0,7.0,0.0,16.0,10.2,-1.1999999999999993,,,0.5625,,0.5625,Chargers 2017,Chargers 2017 (9),Chargers (9)
2017,4,22,Brandon,Commanders,7.0,9.0,0.0,16.0,,,,,7.0,9.0,0.0,16.0,6.6,0.40000000000000036,,,0.4375,,0.4375,Commanders 2017,Commanders 2017 (7),Commanders (7)
2017,4,23,Jordan,Lions,9.0,7.0,0.0,16.0,,,,,9.0,7.0,0.0,16.0,9.0,0.0,,,0.5625,,0.5625,Lions 2017,Lions 2017 (9),Lions (9)
2017,4,24,Jackson,Eagles,13.0,3.0,0.0,16.0,1.0,3.0,0.0,3.0,16.0,3.0,0.0,19.0,12.9,3.0999999999999996,,,0.8125,1.0,0.8421052631578947,Eagles 2017,Eagles 2017 (16),Eagles (16)
2017,4,25,JP,Rams,11.0,5.0,0.0,16.0,3.0,0.0,1.0,1.0,11.0,6.0,0.0,17.0,11.6,-0.5999999999999996,,,0.6875,0.0,0.6470588235294118,Rams 2017,Rams 2017 (11),Rams (11)
2017,4,26,Dan,Colts,4.0,12.0,0.0,16.0,,,,,4.0,12.0,0.0,16.0,3.9,0.10000000000000009,,,0.25,,0.25,Colts 2017,Colts 2017 (4),Colts (4)
2017,4,27,Mike,49ers,6.0,10.0,0.0,16.0,,,,,6.0,10.0,0.0,16.0,6.5,-0.5,,,0.375,,0.375,49ers 2017,49ers 2017 (6),49ers (6)
2017,4,28,Alex,Bears,5.0,11.0,0.0,16.0,,,,,5.0,11.0,0.0,16.0,6.2,-1.2000000000000002,,,0.3125,,0.3125,Bears 2017,Bears 2017 (5),Bears (5)
2017,99,29,Leftover,Jaguars,10.0,6.0,0.0,16.0,3.0,2.0,1.0,3.0,12.0,7.0,0.0,19.0,11.6,0.40000000000000036,,,0.625,0.6666666666666666,0.631578947368421,Jaguars 2017,Jaguars 2017 (12),Jaguars (12)
2017,99,30,Leftover,Bills,9.0,7.0,0.0,16.0,6.0,0.0,1.0,1.0,9.0,8.0,0.0,17.0,6.2,2.8,,,0.5625,0.0,0.5294117647058824,Bills 2017,Bills 2017 (9),Bills (9)
2017,99,31,Leftover,Jets,5.0,11.0,0.0,16.0,,,,,5.0,11.0,0.0,16.0,5.5,-0.5,,,0.3125,,0.3125,Jets 2017,Jets 2017 (5),Jets (5)
2017,99,32,Leftover,Browns,0.0,16.0,0.0,16.0,,,,,0.0,16.0,0.0,16.0,2.9,-2.9,,,0.0,,0.0,Browns 2017,Browns 2017 (0),Browns (0)
